<?xml version="1.0" encoding="UTF-8"?>
<java version="1.8.0_60" class="java.beans.XMLDecoder">
 <array class="zigen.plugin.db.core.IDBConfig" length="1">
  <void index="0">
   <object class="zigen.plugin.db.core.DBConfig" id="DBConfig0">
    <void property="charset">
     <string>UTF-8</string>
    </void>
    <void property="classPaths">
     <array class="java.lang.String" length="1">
      <void index="0">
       <string>/C:/Users/Euler/.gradle/caches/modules-2/files-2.1/com.h2database/h2/1.4.191/dec3540178ea889b2871b0ed56db14bbec9cfdfc/h2-1.4.191.jar</string>
      </void>
     </array>
    </void>
    <void property="convertUnicode">
     <boolean>true</boolean>
    </void>
    <void property="dbName">
     <string>IDeale_Demo2 - IDeale-H2-SampleDB</string>
    </void>
    <void property="dbType">
     <int>8</int>
    </void>
    <void property="driverName">
     <string>org.h2.Driver</string>
    </void>
    <void property="filterPattern">
     <string></string>
    </void>
    <void property="noLockMode">
     <boolean>true</boolean>
    </void>
    <void property="password">
     <string></string>
    </void>
    <void property="schema">
     <string></string>
    </void>
    <void property="url">
     <string>jdbc:h2:tcp://localhost:9092/~/h2/sample</string>
    </void>
    <void property="userId">
     <string>sa</string>
    </void>
   </object>
  </void>
 </array>
</java>
