<?xml version="1.0" encoding="UTF-8"?>
<configuration>

    <include resource="org/springframework/boot/logging/logback/defaults.xml"/>
	<property name="CONSOLE_LOG_PATTERN" value='%5p %m : [%class:%method:%L]  [ユーザID=%X{userId}] [処理ID=%X{actionId}] [%d{yyyy-MM-dd HH:mm:ss.SSS}  ${PID:- } --- [%t] %-40.40logger{39}]%n%wex'/>
	<property name="MONITORED_ERROR_LOG_FILE" value="/opt/IDeale_Demo2/logs/error.log"/>

	<jmxConfigurator />
    <appender name="CONSOLE" class="ch.qos.logback.core.ConsoleAppender">
        <encoder>
            <pattern>${CONSOLE_LOG_PATTERN}</pattern>
            <charset>UTF-8</charset>
        </encoder>
    </appender>

    <appender name="MONITORED_ERROR_FILE" class="ch.qos.logback.core.rolling.RollingFileAppender">
        <filter class="ch.qos.logback.classic.filter.ThresholdFilter">
            <level>ERROR</level>
        </filter>
        <encoder>
            <pattern>${FILE_LOG_PATTERN}</pattern>
        </encoder>
        <file>${MONITORED_ERROR_LOG_FILE}</file>
        <rollingPolicy class="ch.qos.logback.core.rolling.TimeBasedRollingPolicy">
            <fileNamePattern>${MONITORED_ERROR_LOG_FILE}.%d{yyyy-MM-dd}</fileNamePattern>
            <maxHistory>7</maxHistory>
        </rollingPolicy>
    </appender>
    <!--  logback-spring.xmlに置き換える必要があるかも。-->
	<springProfile name="local">
    	<include resource="log/logback-local.xml" />
	</springProfile>
</configuration>