<?xml version="1.0" encoding="UTF-8"?>
<included>
    <root level="INFO">
        <appender-ref ref="CONSOLE"/>
        <appender-ref ref="MONITORED_ERROR_FILE"/>
    </root>

    <!--
    <appender-ref ref="MONITORED_ERROR_FILE"/>
        <appender-ref ref="MONITORED_INFO_FILE"/>
<logger name="org.springframework.jdbc.datasource.DataSourceTransactionManager" level="TRACE" />
     <logger name="org.springframework.transaction.support.TransactionSynchronizationManager" level="TRACE" />
    <logger name="org.springframework.jdbc.datasource.DataSourceTransactionManager" level="TRACE" />
    <logger name="org.springframework.transaction.interceptor.TransactionInterceptor" level="TRACE" />
    <logger name="org.springframework.transaction.annotation.AnnotationTransactionAttributeSource" level="TRACE" />
    -->
</included>